agent_id,battery_usage
pipuck1,0.141537
pipuck2,0.144243
pipuck3,0.194472
pipuck4,0.161117
pipuck5,0.44685
pipuck6,0.335681
