time_s,pipuck5,pipuck6,
0,0.0688746,0.0662357,
300,0.0063333,0.00686107,
