time_s,pipuck1,pipuck2,pipuck3,pipuck4,pipuck5,pipuck6,
0,0.206299,0.188965,0.201172,0.210938,0.210938,0.205566,
300,0.264648,0.272217,0.283936,0.262451,0.264648,0.270264,
600,0.351318,0.290527,0.362793,0.362061,0.343506,0.335693,
