agent_id,traveled_path
pipuck1,0.24586
pipuck2,0.235608
pipuck3,0.235608
pipuck4,0.216131
pipuck5,0.320362
pipuck6,0.320362
